customer_id,gender,contract_type,payment_method,tenure,monthly_charges,total_charges,churn
CUST-00000,Male,Month-to-month,Electronic check,67,96.49,6133.55,1
CUST-00001,Female,Month-to-month,Bank transfer,17,101.3,1555.68,1
CUST-00002,Male,Two year,Bank transfer,61,91.81,5075.46,0
CUST-00003,Male,Month-to-month,Electronic check,36,115.55,4120.88,1
CUST-00004,Male,Month-to-month,Electronic check,24,21.82,478.6,1
CUST-00005,Female,One year,Electronic check,47,39.58,1773.28,0
CUST-00006,Male,Two year,Bank transfer,64,20.76,1250.4,0
CUST-00007,Male,One year,Electronic check,52,84.75,4119.37,0
CUST-00008,Male,One year,Electronic check,14,109.8,1521.8,0
CUST-00009,Female,Month-to-month,Credit card,48,44.35,1920.57,1
CUST-00010,Male,One year,Credit card,67,112.7,7297.03,0
CUST-00011,Male,Two year,Bank transfer,11,26.03,285.28,1
CUST-00012,Male,Month-to-month,Electronic check,58,113.44,6290.13,1
CUST-00013,Male,One year,Electronic check,36,55.16,1973.21,0
CUST-00014,Female,Two year,Credit card,60,30.14,1637.01,0
CUST-00015,Male,One year,Bank transfer,42,68.59,2713.35,0
CUST-00016,Female,One year,Credit card,69,45.68,2918.73,0
CUST-00017,Female,One year,Credit card,38,48.49,1793.02,0
CUST-00018,Female,Month-to-month,Credit card,55,50.73,2784.93,1
CUST-00019,Male,Month-to-month,Credit card,62,100.3,5756.27,1
CUST-00020,Female,Two year,Electronic check,45,73.92,3211.36,0
CUST-00021,Male,Two year,Electronic check,10,51.13,470.3,1
CUST-00022,Female,Two year,Credit card,61,81.03,4727.98,0
CUST-00023,Female,Two year,Bank transfer,24,91.62,2081.01,0
CUST-00024,Female,One year,Bank transfer,70,47.26,3298.94,0
CUST-00025,Female,One year,Bank transfer,51,61.35,3006.36,0
CUST-00026,Female,One year,Bank transfer,3,32.19,90.29,1
CUST-00027,Female,One year,Credit card,58,38.11,2014.56,0
CUST-00028,Female,One year,Electronic check,71,88.11,5724.85,0
CUST-00029,Female,One year,Bank transfer,19,38.14,668.52,0
CUST-00030,Male,Two year,Credit card,62,72.52,4159.46,0
CUST-00031,Male,Month-to-month,Bank transfer,53,90.9,4745.73,1
CUST-00032,Female,Month-to-month,Bank transfer,56,30.69,1643.23,1
CUST-00033,Female,Month-to-month,Credit card,40,76.73,2922.92,1
CUST-00034,Female,One year,Electronic check,2,45.66,83.24,0
CUST-00035,Male,Month-to-month,Electronic check,5,116.29,573.32,1
CUST-00036,Female,Month-to-month,Credit card,4,68.35,265.82,1
CUST-00037,Male,One year,Electronic check,4,100.6,364.88,1
CUST-00038,Male,Month-to-month,Credit card,53,75.02,3859.89,1
CUST-00039,Male,One year,Credit card,46,24.34,1068.53,0
CUST-00040,Male,Month-to-month,Credit card,48,83.32,3632.11,1
CUST-00041,Male,Month-to-month,Electronic check,8,115.14,871.22,1
CUST-00042,Female,Two year,Credit card,19,80.16,1444.56,0
CUST-00043,Female,Month-to-month,Bank transfer,60,101.92,5605.05,1
CUST-00044,Female,Month-to-month,Electronic check,34,108.42,3666.26,1
CUST-00045,Female,One year,Electronic check,49,42.81,2066.22,0
CUST-00046,Female,One year,Electronic check,61,41.2,2430.02,0
CUST-00047,Male,Month-to-month,Electronic check,16,81.1,1227.83,1
CUST-00048,Female,One year,Bank transfer,2,61.1,115.01,0
CUST-00049,Female,Month-to-month,Electronic check,31,103.99,3111.17,1
CUST-00050,Male,Month-to-month,Electronic check,12,110.0,1260.0,1
CUST-00051,Female,One year,Credit card,67,55.34,3360.09,0
CUST-00052,Male,One year,Electronic check,13,43.69,540.28,0
CUST-00053,Female,One year,Bank transfer,10,98.05,961.52,1
CUST-00054,Male,One year,Bank transfer,55,47.48,2470.19,0
CUST-00055,Female,Two year,Bank transfer,66,102.26,6109.31,0
CUST-00056,Female,One year,Bank transfer,28,62.37,1709.04,0
CUST-00057,Male,Month-to-month,Electronic check,8,86.75,638.57,1
CUST-00058,Male,One year,Electronic check,66,29.55,1805.71,0
CUST-00059,Male,Month-to-month,Bank transfer,24,82.39,1812.19,1
CUST-00060,Male,Month-to-month,Bank transfer,41,65.18,2493.39,1
CUST-00061,Male,Month-to-month,Electronic check,8,78.66,613.97,1
CUST-00062,Male,Month-to-month,Bank transfer,39,36.8,1366.22,1
CUST-00063,Male,Two year,Credit card,24,93.69,2069.77,0
CUST-00064,Male,Two year,Bank transfer,4,106.28,419.93,1
CUST-00065,Female,One year,Bank transfer,10,41.67,411.68,0
CUST-00066,Female,Month-to-month,Credit card,58,29.57,1692.86,1
CUST-00067,Male,Month-to-month,Credit card,37,22.36,764.34,1
CUST-00068,Female,Month-to-month,Electronic check,71,84.2,5650.14,1
CUST-00069,Female,Month-to-month,Electronic check,4,80.71,322.36,1
CUST-00070,Female,One year,Credit card,47,74.67,3429.48,0
CUST-00071,Female,One year,Credit card,17,43.19,662.8,0
CUST-00072,Male,One year,Electronic check,69,59.09,3696.07,0
CUST-00073,Female,Month-to-month,Bank transfer,36,79.45,2706.87,1
CUST-00074,Male,Two year,Credit card,59,69.68,4073.8,0
CUST-00075,Female,One year,Electronic check,47,118.78,5325.13,0
CUST-00076,Female,One year,Bank transfer,27,33.64,862.67,0
CUST-00077,Female,One year,Credit card,68,89.51,5542.21,0
CUST-00078,Male,Month-to-month,Bank transfer,39,60.43,2275.88,1
CUST-00079,Female,Month-to-month,Electronic check,44,62.82,2714.91,0
CUST-00080,Male,Month-to-month,Credit card,61,91.76,5250.56,1
CUST-00081,Female,One year,Bank transfer,57,89.24,4972.54,0
CUST-00082,Male,Month-to-month,Credit card,66,119.13,7834.65,1
CUST-00083,Female,Month-to-month,Bank transfer,55,32.84,1662.38,1
CUST-00084,Male,Month-to-month,Electronic check,39,30.41,1129.46,1
CUST-00085,Male,Month-to-month,Electronic check,39,92.43,3347.8,1
CUST-00086,Female,Two year,Credit card,32,77.84,2439.28,0
CUST-00087,Male,One year,Bank transfer,5,47.42,227.08,0
CUST-00088,Female,Month-to-month,Credit card,18,27.94,484.54,1
CUST-00089,Female,Month-to-month,Credit card,39,28.57,1091.71,1
CUST-00090,Female,Month-to-month,Bank transfer,58,109.42,5963.02,1
CUST-00091,Female,Month-to-month,Bank transfer,58,39.19,2253.72,1
CUST-00092,Female,Month-to-month,Bank transfer,47,52.34,2345.11,0
CUST-00093,Female,Month-to-month,Electronic check,40,42.67,1563.08,1
CUST-00094,Female,Month-to-month,Credit card,12,55.5,645.75,1
CUST-00095,Female,One year,Credit card,44,26.94,1160.85,0
CUST-00096,Female,One year,Electronic check,52,71.91,3483.84,0
CUST-00097,Female,Month-to-month,Bank transfer,41,26.76,1081.49,0
CUST-00098,Female,Month-to-month,Electronic check,62,100.04,6144.27,1
CUST-00099,Male,One year,Electronic check,26,43.37,1046.08,0
CUST-00100,Male,One year,Electronic check,37,74.0,2733.49,0
CUST-00101,Female,Two year,Credit card,59,108.01,5825.0,0
CUST-00102,Female,One year,Electronic check,6,85.09,469.8,1
CUST-00103,Female,Month-to-month,Credit card,4,73.3,269.28,1
CUST-00104,Female,Month-to-month,Credit card,44,52.43,2282.46,1
CUST-00105,Female,One year,Credit card,57,53.3,2933.07,0
CUST-00106,Female,Month-to-month,Bank transfer,30,86.95,2387.33,1
CUST-00107,Female,One year,Credit card,22,119.41,2479.99,0
CUST-00108,Female,Two year,Credit card,41,86.18,3397.45,0
CUST-00109,Male,One year,Bank transfer,9,75.78,619.51,1
CUST-00110,Female,Month-to-month,Credit card,31,93.07,2851.25,1
CUST-00111,Male,One year,Electronic check,52,66.52,3391.11,0
CUST-00112,Female,Month-to-month,Electronic check,29,26.01,716.97,1
CUST-00113,Female,One year,Credit card,38,76.23,2887.22,0
CUST-00114,Male,Two year,Bank transfer,30,115.76,3270.6,0
CUST-00115,Female,Month-to-month,Electronic check,1,37.53,37.47,1
CUST-00116,Male,Two year,Bank transfer,11,89.0,946.49,1
CUST-00117,Female,Two year,Bank transfer,38,40.09,1467.77,0
CUST-00118,Female,Month-to-month,Electronic check,65,73.58,4383.8,1
CUST-00119,Male,Month-to-month,Bank transfer,12,29.67,351.84,1
CUST-00120,Female,Month-to-month,Electronic check,45,65.04,2759.24,1
CUST-00121,Male,Month-to-month,Bank transfer,26,95.62,2277.84,1
CUST-00122,Female,Month-to-month,Electronic check,16,54.76,789.65,1
CUST-00123,Male,One year,Credit card,59,86.49,4878.26,0
CUST-00124,Male,Month-to-month,Electronic check,63,99.54,5974.65,1
CUST-00125,Female,Month-to-month,Electronic check,34,112.72,3724.92,1
CUST-00126,Female,Two year,Electronic check,69,43.46,2965.83,0
CUST-00127,Male,Month-to-month,Electronic check,29,59.93,1577.97,1
CUST-00128,Female,Two year,Bank transfer,70,35.24,2400.57,0
CUST-00129,Female,Month-to-month,Credit card,62,119.25,6792.71,1
CUST-00130,Female,Month-to-month,Electronic check,27,112.7,2999.74,1
CUST-00131,Male,One year,Bank transfer,59,74.0,4287.0,0
CUST-00132,Male,One year,Credit card,36,104.2,3578.94,0
CUST-00133,Male,Two year,Credit card,21,72.1,1470.23,0
CUST-00134,Male,One year,Credit card,67,82.36,5139.77,0
CUST-00135,Male,Two year,Credit card,19,28.91,520.24,0
CUST-00136,Male,Month-to-month,Electronic check,67,95.53,6286.35,1
CUST-00137,Male,Month-to-month,Electronic check,63,32.77,1952.87,1
CUST-00138,Male,One year,Bank transfer,16,102.61,1536.33,0
CUST-00139,Male,Two year,Bank transfer,11,98.2,1025.56,1
CUST-00140,Female,Two year,Bank transfer,21,90.87,1875.5,0
CUST-00141,Male,Month-to-month,Credit card,16,23.62,352.8,0
CUST-00142,Female,Month-to-month,Credit card,9,50.31,415.38,1
CUST-00143,Female,One year,Electronic check,64,46.31,2878.49,0
CUST-00144,Female,Month-to-month,Credit card,21,56.01,1155.74,0
CUST-00145,Male,Two year,Credit card,49,28.76,1282.5,0
CUST-00146,Male,Two year,Credit card,13,113.7,1365.75,0
CUST-00147,Male,Month-to-month,Bank transfer,63,75.38,4341.47,1
CUST-00148,Male,One year,Bank transfer,46,50.55,2173.68,0
CUST-00149,Female,One year,Electronic check,28,59.7,1579.72,0
CUST-00150,Male,Month-to-month,Credit card,35,64.72,2208.3,1
CUST-00151,Male,Two year,Credit card,51,80.06,3940.62,0
CUST-00152,Male,One year,Electronic check,6,71.57,413.14,1
CUST-00153,Male,Two year,Credit card,28,111.94,2931.33,0
CUST-00154,Male,Month-to-month,Credit card,10,69.7,685.95,1
CUST-00155,Female,Two year,Bank transfer,32,119.22,3613.33,0
CUST-00156,Male,Month-to-month,Electronic check,5,105.14,524.6,1
CUST-00157,Female,Month-to-month,Electronic check,31,40.85,1220.02,0
CUST-00158,Male,Two year,Electronic check,50,113.06,5159.08,0
CUST-00159,Female,Month-to-month,Electronic check,57,31.64,1745.08,1
CUST-00160,Male,Month-to-month,Bank transfer,25,101.74,2371.84,1
CUST-00161,Male,Two year,Bank transfer,45,58.06,2530.75,0
CUST-00162,Female,Two year,Credit card,28,107.8,2737.58,0
CUST-00163,Female,One year,Credit card,3,106.81,293.99,1
CUST-00164,Female,One year,Credit card,12,100.59,1189.67,0
CUST-00165,Male,Month-to-month,Credit card,38,99.0,3471.26,1
CUST-00166,Female,Month-to-month,Bank transfer,14,50.47,695.07,1
CUST-00167,Male,Month-to-month,Electronic check,28,28.09,729.83,1
CUST-00168,Male,One year,Bank transfer,28,60.3,1628.1,0
CUST-00169,Female,One year,Credit card,31,37.35,1122.44,0
CUST-00170,Female,One year,Bank transfer,1,89.5,85.14,1
CUST-00171,Male,One year,Electronic check,46,54.61,2337.55,0
CUST-00172,Male,Month-to-month,Electronic check,21,117.56,2274.38,1
CUST-00173,Female,Month-to-month,Bank transfer,26,84.1,1975.2,1
CUST-00174,Female,Month-to-month,Bank transfer,66,102.25,6278.77,1
CUST-00175,Female,One year,Bank transfer,55,33.25,1765.32,0
CUST-00176,Male,Month-to-month,Credit card,20,106.2,2110.9,1
CUST-00177,Male,Two year,Bank transfer,46,112.28,5098.36,0
CUST-00178,Male,Month-to-month,Bank transfer,58,68.71,3891.95,1
CUST-00179,Male,Month-to-month,Bank transfer,5,80.63,394.62,1
CUST-00180,Male,Month-to-month,Electronic check,18,96.48,1678.46,1
CUST-00181,Male,One year,Electronic check,56,37.48,1943.62,0
CUST-00182,Female,One year,Credit card,68,70.26,4733.34,0
CUST-00183,Male,Month-to-month,Credit card,2,59.87,115.8,1
CUST-00184,Male,Month-to-month,Electronic check,0,34.64,0.0,1
CUST-00185,Male,One year,Electronic check,57,56.75,2947.18,0
CUST-00186,Female,Month-to-month,Electronic check,37,26.82,937.47,1
CUST-00187,Male,Two year,Bank transfer,14,22.58,299.06,0
CUST-00188,Male,One year,Bank transfer,33,33.52,1091.18,0
CUST-00189,Female,Month-to-month,Electronic check,60,116.31,6662.22,1
CUST-00190,Male,Month-to-month,Bank transfer,34,74.95,2390.41,1
CUST-00191,Male,Two year,Bank transfer,63,116.58,7327.5,0
CUST-00192,Male,Month-to-month,Credit card,24,63.25,1383.01,1
CUST-00193,Male,Month-to-month,Electronic check,23,51.18,1109.17,0
CUST-00194,Male,Two year,Electronic check,11,70.61,702.3,0
CUST-00195,Female,Two year,Bank transfer,17,63.95,1058.87,0
CUST-00196,Female,Two year,Electronic check,14,30.57,424.47,0
CUST-00197,Female,One year,Credit card,26,84.08,2028.69,0
CUST-00198,Male,Month-to-month,Credit card,71,41.6,2911.76,0
CUST-00199,Male,Month-to-month,Credit card,59,81.96,4493.38,1
CUST-00200,Male,One year,Electronic check,45,85.02,3791.76,0
CUST-00201,Female,One year,Electronic check,16,35.2,549.34,0
CUST-00202,Male,Month-to-month,Electronic check,52,26.13,1332.25,1
CUST-00203,Male,Two year,Electronic check,7,98.08,619.14,1
CUST-00204,Female,Month-to-month,Electronic check,26,65.98,1709.1,1
CUST-00205,Male,Month-to-month,Credit card,45,25.82,1130.14,0
CUST-00206,Female,Month-to-month,Bank transfer,49,119.49,5447.94,1
CUST-00207,Female,Month-to-month,Credit card,70,25.78,1773.81,1
CUST-00208,Female,Month-to-month,Electronic check,2,89.5,166.14,1
CUST-00209,Male,Month-to-month,Credit card,63,118.37,7362.42,1
CUST-00210,Male,Month-to-month,Electronic check,43,43.92,1720.97,0
CUST-00211,Male,One year,Electronic check,52,34.22,1726.71,0
CUST-00212,Male,One year,Credit card,23,32.14,705.27,0
CUST-00213,Male,One year,Electronic check,59,50.33,2701.19,0
CUST-00214,Male,Two year,Bank transfer,2,30.1,55.64,0
CUST-00215,Male,Month-to-month,Electronic check,19,89.22,1527.76,1
CUST-00216,Female,Month-to-month,Bank transfer,45,26.23,1117.65,1
CUST-00217,Male,Two year,Bank transfer,14,70.94,923.76,0
CUST-00218,Female,Month-to-month,Electronic check,24,119.67,2756.73,1
CUST-00219,Male,Two year,Credit card,70,101.4,6599.18,0
CUST-00220,Male,Month-to-month,Bank transfer,16,81.52,1213.01,1
CUST-00221,Male,Two year,Credit card,8,50.63,394.64,1
CUST-00222,Female,Month-to-month,Bank transfer,37,82.39,2758.26,1
CUST-00223,Female,Two year,Electronic check,47,72.7,3383.72,0
CUST-00224,Female,One year,Electronic check,59,62.61,3639.42,0
CUST-00225,Female,Two year,Bank transfer,62,33.07,1982.23,0
CUST-00226,Male,Month-to-month,Electronic check,1,108.66,104.24,1
CUST-00227,Female,One year,Bank transfer,71,64.98,4563.89,0
CUST-00228,Male,Two year,Electronic check,10,39.46,362.45,0
CUST-00229,Male,One year,Credit card,63,56.78,3247.67,0
CUST-00230,Female,One year,Electronic check,71,61.41,4028.53,0
CUST-00231,Female,One year,Credit card,20,102.75,2012.79,0
CUST-00232,Female,Month-to-month,Electronic check,17,93.36,1433.91,1
CUST-00233,Female,One year,Credit card,63,96.93,5851.83,0
CUST-00234,Female,One year,Electronic check,37,21.1,780.34,0
CUST-00235,Female,Two year,Credit card,31,61.62,1882.65,0
CUST-00236,Female,Month-to-month,Bank transfer,10,68.13,648.7,1
CUST-00237,Female,Month-to-month,Bank transfer,44,21.92,874.17,1
CUST-00238,Male,Two year,Credit card,32,45.98,1446.55,0
CUST-00239,Female,Two year,Electronic check,40,96.03,3687.16,0
CUST-00240,Female,Month-to-month,Credit card,7,33.71,215.09,1
CUST-00241,Male,One year,Electronic check,10,73.53,668.67,0
CUST-00242,Female,Month-to-month,Bank transfer,50,41.52,2057.24,1
CUST-00243,Male,Month-to-month,Electronic check,40,21.21,820.33,0
CUST-00244,Male,Month-to-month,Bank transfer,16,44.12,693.87,1
CUST-00245,Female,Month-to-month,Electronic check,45,117.59,5227.51,1
CUST-00246,Male,One year,Electronic check,31,100.15,2971.7,0
CUST-00247,Male,Month-to-month,Electronic check,53,115.96,5849.31,1
CUST-00248,Male,Two year,Credit card,19,68.79,1232.57,0
CUST-00249,Male,Two year,Credit card,32,30.97,923.35,0
CUST-00250,Female,One year,Bank transfer,39,74.8,2752.26,0
CUST-00251,Male,One year,Bank transfer,31,65.44,1982.77,0
CUST-00252,Female,Month-to-month,Credit card,1,104.44,100.28,1
CUST-00253,Male,Two year,Bank transfer,32,29.81,943.67,0
CUST-00254,Male,One year,Credit card,29,68.82,1884.69,0
CUST-00255,Male,Month-to-month,Electronic check,32,35.0,1075.99,0
CUST-00256,Male,Two year,Bank transfer,25,52.47,1263.39,0
CUST-00257,Female,Two year,Bank transfer,21,93.74,1888.16,0
CUST-00258,Female,Two year,Credit card,65,67.6,4263.34,0
CUST-00259,Male,One year,Bank transfer,37,57.59,1968.34,0
CUST-00260,Male,One year,Bank transfer,45,59.45,2544.8,0
CUST-00261,Female,Month-to-month,Electronic check,14,65.94,840.47,0
CUST-00262,Male,Two year,Bank transfer,43,98.5,3974.81,0
CUST-00263,Male,Two year,Electronic check,48,109.21,4973.51,0
CUST-00264,Male,Month-to-month,Credit card,60,115.53,6690.73,1
CUST-00265,Female,Month-to-month,Bank transfer,66,98.69,6481.32,1
CUST-00266,Female,Month-to-month,Electronic check,5,51.54,247.41,1
CUST-00267,Female,Two year,Credit card,8,88.81,692.26,1
CUST-00268,Male,Two year,Bank transfer,5,63.76,303.06,0
CUST-00269,Male,Month-to-month,Credit card,31,45.47,1357.99,1
CUST-00270,Female,One year,Bank transfer,40,104.09,3776.77,0
CUST-00271,Female,Month-to-month,Credit card,7,23.84,154.44,1
CUST-00272,Female,Two year,Credit card,71,110.18,7323.57,0
CUST-00273,Female,Two year,Electronic check,49,66.15,3070.37,0
CUST-00274,Male,Two year,Credit card,61,83.72,4619.54,0
CUST-00275,Female,Month-to-month,Bank transfer,61,85.94,4791.51,1
CUST-00276,Male,Month-to-month,Bank transfer,6,109.51,609.54,1
CUST-00277,Female,Month-to-month,Electronic check,3,83.67,250.3,1
CUST-00278,Male,Month-to-month,Bank transfer,5,81.39,379.74,1
CUST-00279,Female,Two year,Bank transfer,57,26.67,1441.45,0
CUST-00280,Female,Two year,Bank transfer,21,71.84,1387.36,0
CUST-00281,Female,Two year,Credit card,25,35.02,841.42,0
CUST-00282,Female,Two year,Credit card,2,93.74,173.99,1
CUST-00283,Male,One year,Bank transfer,40,71.22,2622.89,0
CUST-00284,Female,One year,Electronic check,59,88.02,4942.13,0
CUST-00285,Male,Two year,Credit card,13,24.17,282.96,0
CUST-00286,Male,Two year,Electronic check,11,28.48,282.19,0
CUST-00287,Male,Month-to-month,Bank transfer,11,91.63,929.22,1
CUST-00288,Male,Month-to-month,Bank transfer,12,27.21,295.07,1
CUST-00289,Female,Month-to-month,Credit card,24,27.13,593.04,1
CUST-00290,Male,Two year,Bank transfer,44,21.21,871.54,0
CUST-00291,Male,One year,Credit card,18,115.65,2040.6,0
CUST-00292,Male,Month-to-month,Bank transfer,54,93.75,4845.85,1
CUST-00293,Female,One year,Bank transfer,44,55.33,2315.88,0
CUST-00294,Female,One year,Credit card,7,49.65,323.0,1
CUST-00295,Female,Month-to-month,Credit card,52,54.97,2838.93,1
CUST-00296,Female,Month-to-month,Credit card,54,97.47,4946.01,1
CUST-00297,Male,One year,Bank transfer,31,86.14,2426.56,0
CUST-00298,Male,One year,Bank transfer,50,38.52,1852.25,0
CUST-00299,Female,One year,Electronic check,43,37.41,1466.08,0
CUST-00300,Male,One year,Credit card,69,29.84,1924.14,0
CUST-00301,Male,Two year,Bank transfer,17,86.03,1390.47,0
CUST-00302,Male,One year,Bank transfer,21,96.44,1999.77,0
CUST-00303,Female,One year,Credit card,36,46.5,1589.22,0
CUST-00304,Female,Two year,Electronic check,55,22.09,1178.78,0
CUST-00305,Male,Month-to-month,Credit card,58,28.22,1635.58,1
CUST-00306,Female,Month-to-month,Electronic check,2,116.79,213.29,1
CUST-00307,Female,Month-to-month,Bank transfer,27,49.54,1240.57,1
CUST-00308,Female,One year,Electronic check,34,96.92,3095.78,0
CUST-00309,Female,One year,Bank transfer,60,82.47,4662.11,0
CUST-00310,Female,One year,Credit card,53,58.19,2902.42,0
CUST-00311,Male,Month-to-month,Credit card,62,40.57,2492.1,1
CUST-00312,Female,Month-to-month,Credit card,6,32.14,187.33,1
CUST-00313,Male,Month-to-month,Electronic check,48,81.5,3758.61,1
CUST-00314,Male,Month-to-month,Bank transfer,30,97.46,2721.87,1
CUST-00315,Female,One year,Credit card,57,84.39,4725.47,0
CUST-00316,Male,Month-to-month,Credit card,60,73.03,4362.11,1
CUST-00317,Male,Month-to-month,Bank transfer,23,24.2,546.65,1
CUST-00318,Male,Two year,Credit card,19,116.85,1998.48,0
CUST-00319,Female,Month-to-month,Bank transfer,36,99.87,3464.59,1
CUST-00320,Female,One year,Bank transfer,3,49.28,133.81,0
CUST-00321,Male,One year,Bank transfer,19,118.0,2075.56,0
CUST-00322,Female,Month-to-month,Bank transfer,59,80.19,4286.25,1
CUST-00323,Female,One year,Bank transfer,23,78.24,1728.22,0
CUST-00324,Female,Two year,Electronic check,49,94.81,4500.09,0
CUST-00325,Female,Two year,Credit card,48,101.18,4426.58,0
CUST-00326,Male,Month-to-month,Electronic check,50,85.65,4018.63,1
CUST-00327,Male,Two year,Credit card,35,32.81,1085.91,0
CUST-00328,Female,Month-to-month,Electronic check,65,53.83,3278.18,0
CUST-00329,Female,Month-to-month,Bank transfer,33,112.81,3395.51,1
CUST-00330,Male,Month-to-month,Credit card,35,42.46,1399.75,1
CUST-00331,Male,Two year,Credit card,5,57.22,278.98,0
CUST-00332,Female,Month-to-month,Electronic check,38,63.21,2178.84,1
CUST-00333,Male,Month-to-month,Electronic check,41,63.94,2380.41,1
CUST-00334,Female,One year,Credit card,57,81.29,4334.56,0
CUST-00335,Female,Month-to-month,Electronic check,11,114.31,1250.08,1
CUST-00336,Male,Month-to-month,Electronic check,2,44.07,85.22,1
CUST-00337,Male,Month-to-month,Electronic check,17,32.15,528.99,1
CUST-00338,Female,Month-to-month,Bank transfer,39,39.75,1451.33,0
CUST-00339,Female,Month-to-month,Bank transfer,20,108.69,2085.47,1
CUST-00340,Male,Month-to-month,Electronic check,14,84.58,1066.91,1
CUST-00341,Female,One year,Electronic check,25,48.59,1170.54,0
CUST-00342,Male,Month-to-month,Bank transfer,7,101.59,704.96,1
CUST-00343,Female,Month-to-month,Bank transfer,41,106.14,4183.14,1
CUST-00344,Male,Two year,Credit card,43,104.65,4443.11,0
CUST-00345,Male,Month-to-month,Credit card,13,111.89,1414.42,1
CUST-00346,Male,One year,Bank transfer,1,45.22,41.24,0
CUST-00347,Female,Month-to-month,Electronic check,36,95.5,3404.46,1
CUST-00348,Female,Month-to-month,Electronic check,68,66.05,4072.1,0
CUST-00349,Male,Month-to-month,Electronic check,37,104.2,3675.73,1
CUST-00350,Female,Month-to-month,Electronic check,40,92.85,3395.39,1
CUST-00351,Male,Month-to-month,Credit card,61,97.64,5367.41,1
CUST-00352,Male,Month-to-month,Bank transfer,59,85.62,4759.62,1
CUST-00353,Female,Month-to-month,Electronic check,13,37.74,456.03,1
CUST-00354,Female,Month-to-month,Credit card,1,74.5,70.67,1
CUST-00355,Male,Month-to-month,Electronic check,69,118.47,7828.82,1
CUST-00356,Female,Month-to-month,Bank transfer,16,113.74,1645.82,1
CUST-00357,Female,Month-to-month,Credit card,27,24.32,599.05,1
CUST-00358,Male,One year,Bank transfer,65,36.48,2266.55,0
CUST-00359,Male,One year,Bank transfer,34,33.17,1053.7,0
CUST-00360,Female,Month-to-month,Credit card,4,92.6,360.37,1
CUST-00361,Male,One year,Credit card,64,101.78,6287.43,0
CUST-00362,Male,One year,Credit card,39,41.35,1587.75,0
CUST-00363,Female,Month-to-month,Credit card,55,70.59,3763.06,1
CUST-00364,Male,Two year,Credit card,35,104.07,3434.81,0
CUST-00365,Male,Two year,Credit card,44,93.28,3970.1,0
CUST-00366,Female,Month-to-month,Credit card,22,74.22,1514.52,1
CUST-00367,Female,Month-to-month,Electronic check,46,79.03,3383.2,1
CUST-00368,Male,Two year,Bank transfer,30,70.84,2080.36,0
CUST-00369,Male,One year,Credit card,10,49.75,469.96,0
CUST-00370,Female,Month-to-month,Electronic check,9,76.5,674.62,1
CUST-00371,Female,Month-to-month,Electronic check,66,88.89,5762.56,1
CUST-00372,Female,Month-to-month,Electronic check,13,107.33,1375.42,1
CUST-00373,Female,Month-to-month,Bank transfer,9,83.63,746.4,1
CUST-00374,Male,One year,Credit card,0,96.11,0.0,1
CUST-00375,Female,Month-to-month,Electronic check,4,36.01,134.23,1
CUST-00376,Female,Month-to-month,Bank transfer,19,66.16,1204.52,1
CUST-00377,Male,One year,Bank transfer,7,20.93,137.3,0
CUST-00378,Female,Month-to-month,Bank transfer,42,44.67,1801.3,1
CUST-00379,Male,Month-to-month,Electronic check,0,92.65,0.0,1
CUST-00380,Female,One year,Credit card,56,119.18,6466.12,0
CUST-00381,Female,Two year,Electronic check,63,29.92,1767.07,0
CUST-00382,Female,One year,Electronic check,27,60.15,1488.74,0
CUST-00383,Male,One year,Credit card,36,100.01,3395.33,0
CUST-00384,Male,Month-to-month,Credit card,46,40.4,1699.06,1
CUST-00385,Female,Month-to-month,Credit card,36,75.51,2688.48,0
CUST-00386,Male,One year,Bank transfer,48,93.31,4185.91,0
CUST-00387,Male,Month-to-month,Credit card,43,81.6,3212.12,1
CUST-00388,Male,Month-to-month,Electronic check,55,38.8,1926.03,0
CUST-00389,Male,Month-to-month,Credit card,27,55.54,1446.47,1
CUST-00390,Male,Month-to-month,Electronic check,5,98.38,474.04,1
CUST-00391,Male,Month-to-month,Bank transfer,60,75.42,4226.81,0
CUST-00392,Female,Month-to-month,Electronic check,19,20.52,353.69,1
CUST-00393,Female,Month-to-month,Electronic check,1,96.1,90.43,1
CUST-00394,Male,Month-to-month,Credit card,36,23.53,788.73,1
CUST-00395,Female,Two year,Credit card,19,94.57,1738.81,0
CUST-00396,Female,One year,Electronic check,25,40.25,966.58,0
CUST-00397,Female,One year,Credit card,28,115.81,3036.64,1
CUST-00398,Female,One year,Bank transfer,0,56.79,0.0,0
CUST-00399,Male,Month-to-month,Bank transfer,34,52.69,1789.32,1
CUST-00400,Female,Month-to-month,Credit card,69,34.89,2275.97,1
CUST-00401,Female,One year,Bank transfer,58,50.56,2841.07,0
CUST-00402,Male,One year,Credit card,68,107.67,6692.31,0
CUST-00403,Male,One year,Electronic check,32,119.63,3631.24,0
CUST-00404,Female,Month-to-month,Electronic check,50,56.83,2565.17,1
CUST-00405,Female,Month-to-month,Bank transfer,11,64.86,678.18,1
CUST-00406,Female,Month-to-month,Credit card,19,92.21,1745.69,1
CUST-00407,Female,Month-to-month,Credit card,52,108.62,5300.43,1
CUST-00408,Female,One year,Bank transfer,42,79.3,3010.53,0
CUST-00409,Female,One year,Electronic check,49,59.15,2617.49,0
CUST-00410,Male,Month-to-month,Bank transfer,28,61.26,1610.3,1
CUST-00411,Female,Two year,Electronic check,56,89.56,4594.08,0
CUST-00412,Female,One year,Credit card,38,20.32,696.75,0
CUST-00413,Male,Month-to-month,Electronic check,55,81.96,4397.91,1
CUST-00414,Male,Month-to-month,Bank transfer,42,55.55,2206.77,0
CUST-00415,Male,Month-to-month,Credit card,49,99.42,4525.33,1
CUST-00416,Male,Month-to-month,Bank transfer,22,29.3,638.16,1
CUST-00417,Female,Month-to-month,Bank transfer,43,78.82,3089.7,1
CUST-00418,Female,Month-to-month,Electronic check,37,68.1,2508.59,1
CUST-00419,Female,Month-to-month,Bank transfer,22,84.23,1725.93,1
CUST-00420,Female,Month-to-month,Electronic check,44,26.49,1152.55,1
CUST-00421,Female,Two year,Credit card,51,78.0,3820.05,0
CUST-00422,Female,Month-to-month,Electronic check,49,76.15,3666.69,1
CUST-00423,Male,One year,Credit card,7,76.07,531.64,0
CUST-00424,Female,Month-to-month,Electronic check,0,80.35,0.0,1
CUST-00425,Male,Two year,Bank transfer,7,87.65,611.17,1
CUST-00426,Male,Month-to-month,Electronic check,28,100.5,2642.2,1
CUST-00427,Female,Month-to-month,Electronic check,4,46.98,176.37,1
CUST-00428,Male,Two year,Credit card,46,102.5,4403.99,0
CUST-00429,Female,Two year,Bank transfer,33,69.83,2198.71,0
CUST-00430,Male,Two year,Electronic check,64,27.71,1623.43,0
CUST-00431,Female,Month-to-month,Bank transfer,54,25.86,1334.12,0
CUST-00432,Male,Month-to-month,Electronic check,42,53.42,2140.82,1
CUST-00433,Female,One year,Electronic check,29,98.49,2788.2,0
CUST-00434,Female,Two year,Bank transfer,16,90.77,1428.16,0
CUST-00435,Female,One year,Electronic check,25,98.86,2333.21,0
CUST-00436,Female,One year,Bank transfer,7,71.73,467.08,0
CUST-00437,Female,Month-to-month,Electronic check,46,64.02,2726.8,1
CUST-00438,Male,One year,Credit card,71,34.75,2268.54,0
CUST-00439,Male,Month-to-month,Bank transfer,45,52.82,2152.91,1
CUST-00440,Male,Month-to-month,Electronic check,67,63.4,3968.49,1
CUST-00441,Female,Month-to-month,Electronic check,32,28.86,856.13,1
CUST-00442,Male,One year,Credit card,0,42.06,0.0,1
CUST-00443,Female,Month-to-month,Bank transfer,18,79.82,1373.21,1
CUST-00444,Female,Month-to-month,Electronic check,30,93.57,2623.87,1
CUST-00445,Male,One year,Credit card,13,119.83,1492.44,0
CUST-00446,Male,Month-to-month,Electronic check,52,113.31,5384.92,1
CUST-00447,Female,One year,Bank transfer,47,84.26,3740.05,0
CUST-00448,Male,Month-to-month,Electronic check,68,62.12,4066.28,1
CUST-00449,Female,Month-to-month,Electronic check,61,83.62,4840.12,1
CUST-00450,Female,One year,Electronic check,65,98.57,6023.77,0
CUST-00451,Female,Month-to-month,Electronic check,63,31.83,2004.06,0
CUST-00452,Female,Month-to-month,Credit card,69,60.99,4157.94,1
CUST-00453,Female,Month-to-month,Credit card,62,103.98,6203.98,1
CUST-00454,Male,Month-to-month,Bank transfer,32,58.38,1787.71,1
CUST-00455,Male,Two year,Credit card,40,77.19,2970.48,0
CUST-00456,Female,Month-to-month,Credit card,47,78.78,3406.93,1
CUST-00457,Female,Two year,Bank transfer,12,38.45,433.49,0
CUST-00458,Male,Month-to-month,Credit card,30,56.22,1524.6,1
CUST-00459,Male,One year,Credit card,67,53.45,3393.34,0
CUST-00460,Female,One year,Bank transfer,3,22.62,64.76,0
CUST-00461,Male,One year,Bank transfer,18,22.42,372.4,0
CUST-00462,Female,Month-to-month,Bank transfer,69,103.17,7093.12,1
CUST-00463,Male,Month-to-month,Electronic check,12,47.31,562.58,1
CUST-00464,Female,Month-to-month,Electronic check,22,71.81,1535.92,1
CUST-00465,Male,Two year,Bank transfer,0,49.87,0.0,0
CUST-00466,Female,Two year,Bank transfer,53,114.07,5967.1,0
CUST-00467,Male,Two year,Bank transfer,70,45.93,2935.6,0
CUST-00468,Male,Month-to-month,Electronic check,14,62.97,863.11,0
CUST-00469,Female,One year,Electronic check,64,107.27,6264.44,0
CUST-00470,Male,Two year,Credit card,70,104.19,7143.21,1
CUST-00471,Female,Month-to-month,Credit card,14,38.61,501.39,1
CUST-00472,Male,Month-to-month,Bank transfer,20,100.26,1980.55,1
CUST-00473,Female,One year,Electronic check,18,65.82,1178.13,0
CUST-00474,Male,One year,Electronic check,59,68.3,3686.69,0
CUST-00475,Female,Two year,Electronic check,32,33.35,1009.86,0
CUST-00476,Male,Month-to-month,Bank transfer,48,28.06,1344.32,1
CUST-00477,Female,One year,Credit card,34,92.79,2991.88,0
CUST-00478,Male,Month-to-month,Bank transfer,43,69.65,2954.08,1
CUST-00479,Female,Month-to-month,Credit card,10,63.69,610.71,1
CUST-00480,Female,Month-to-month,Credit card,71,92.95,6187.2,1
CUST-00481,Female,Two year,Bank transfer,65,96.55,5827.53,0
CUST-00482,Male,One year,Credit card,45,35.89,1486.37,0
CUST-00483,Female,One year,Credit card,8,81.02,632.72,1
CUST-00484,Male,Month-to-month,Electronic check,2,33.54,62.96,1
CUST-00485,Female,Two year,Credit card,25,95.14,2262.26,0
CUST-00486,Male,Month-to-month,Bank transfer,71,85.7,5775.8,1
CUST-00487,Female,Two year,Bank transfer,47,115.66,5206.23,0
CUST-00488,Male,Month-to-month,Credit card,65,26.9,1725.0,1
CUST-00489,Male,Month-to-month,Electronic check,69,25.71,1770.57,1
CUST-00490,Female,Month-to-month,Electronic check,27,48.22,1224.81,1
CUST-00491,Male,Month-to-month,Credit card,25,46.17,1134.34,1
CUST-00492,Male,One year,Credit card,24,44.7,1047.54,0
CUST-00493,Female,One year,Bank transfer,11,110.63,1165.03,1
CUST-00494,Male,Month-to-month,Credit card,4,44.95,179.01,1
CUST-00495,Male,Two year,Electronic check,47,47.19,2040.6,0
CUST-00496,Male,Month-to-month,Credit card,36,95.94,3146.19,1
CUST-00497,Female,One year,Bank transfer,43,64.97,2752.91,0
CUST-00498,Male,Two year,Bank transfer,14,97.67,1290.69,0
CUST-00499,Female,One year,Bank transfer,42,26.54,1097.62,0
